action,mean,p50,p90,max
crossing,13.494310998735777,13.0,20.0,26
defence,11.287405812701829,11.0,15.0,23
dribbling,20.198660714285715,20.0,28.0,38
jump-shot,41.72908366533864,42.0,48.0,62
passing,23.380543633762517,23.0,33.0,45
running,30.032105760151087,30.0,37.0,46
shot,23.338028169014084,17.0,43.0,52
