action,clips,total_boxes,mean_frames,mean_dets_per_fr,mean_missing,mean_w,mean_h,mean_ar,mean_area,conf_med,conf_p10,conf_p90
crossing,129,151627,78.06976744186046,14.985308992648653,0.0,278.24041715245045,177.1688909620593,0.9143501972544441,128244.9118867333,0.801828968992248,0.06944215348837209,0.9968398806201549
defence,16,18333,90.625,12.814180266586147,0.0,232.99500543801992,181.5997741396774,0.7435855492025882,113200.61807211855,0.8045514375,0.06978173,0.99781244375
dribbling,24,44706,86.75,21.445785711794855,0.0,183.12374369751944,111.2631249769454,0.8323083974275557,70868.4809858162,0.42188725,0.0661679775,0.9868907791666667
jump-shot,367,899270,79.60762942779292,30.140706654313455,0.0,207.12756783888779,133.55744409995447,0.8825132309918591,85720.8812605036,0.428618727520436,0.06734447907356948,0.9897378640326976
passing,104,176891,70.57692307692308,24.179182606287686,0.0,207.82905823221842,115.75274689640614,0.9854206481855327,68513.685831968,0.5934696971153847,0.06929784173076924,0.9899589913461538
running,9,31804,117.66666666666667,29.76985033038945,0.0,169.26353295509503,105.52285403880371,0.7083003760714845,81121.14255270187,0.4231578888888889,0.06870507777777778,0.9831944555555556
shot,102,289163,82.57843137254902,34.63275078704107,0.0,220.0166667986033,144.73924727450773,0.8834164659262135,90542.91150960592,0.5339565098039215,0.07241471235294117,0.9911816078431374
