,num_frames,mota,idf1,precision,recall,mostly_tracked,mostly_lost,num_switches
overall,81,0.6692531522793405,0.6958021851638873,0.9957627118644068,0.6838021338506305,19,95,12
