clip,num_frames,mota,idf1,precision,recall,mostly_tracked,mostly_lost,num_switches,mota_ci,idf1_ci,switches_per_min
crossing_KS_1,82.0,0.792215226101889,0.8476736775015934,1.0,0.7962220950200344,24.0,89.0,7.0,"0.774 [0.741,0.803]","0.848 [0.826,0.866]",245.6078048780488
defence_KS_1,81.0,0.6692531522793405,0.6958021851638873,0.9957627118644068,0.6838021338506305,19.0,95.0,12.0,"0.650 [0.611,0.688]","0.698 [0.678,0.726]",426.24
dribbling_KS_10,65.0,0.6340652029274784,0.7532467532467533,1.0,0.6393878908848969,24.0,142.0,8.0,"0.621 [0.571,0.665]","0.753 [0.709,0.787]",354.1070769230769
jump-shot_KS_10,98.0,0.6973947895791583,0.7976510067114094,1.0,0.706269682221586,38.0,163.0,31.0,"0.678 [0.652,0.704]","0.800 [0.781,0.812]",910.109387755102
passing_KS_100,81.0,0.6562366052293185,0.6787909836065574,0.9987269255251432,0.672524646378054,49.0,174.0,36.0,"0.643 [0.613,0.675]","0.683 [0.664,0.700]",1278.72
running_KS_47,114.0,0.7245829398803902,0.6506242084313371,0.9987234042553191,0.7387472458293988,68.0,211.0,42.0,"0.705 [0.673,0.730]","0.653 [0.631,0.670]",1059.9915789473685
shot_KS_10,65.0,0.7587242026266416,0.7797543413807708,1.0,0.7718574108818012,51.0,143.0,35.0,"0.744 [0.688,0.777]","0.781 [0.751,0.805]",1549.2184615384615
